name1,name2,weight
New Block Entry,c01,68.36
c02,c01,248.02
c02,c03,104
c03,c019,90.93
c019,c04,153.01
c04,c05,128.02
c05,c06,89.09
c06,c07,56.32
c07,c08,125.02
c08,c09,246.05
c09,c010,183.1
c010,c011,163.01
c011,c012,96.05
c012,c013,126.02
c013,c014,232
c014,c015,160.01
c015,c016,53.01
c016,c017,112.02
c017,c018,83.02
c01,O01,93.06
O02,O01,299.79
O02,c04,125.04
c02,Class 1A,134.13
c03,Staff Room 1,177.05
c019,CSE seminar hall,114.14
c04,Hall,121.15
c05,Stairs 1A,112
c06,Lift 1A,108.66
c07,AIML HOD Department,167.17
c08,Lab 1A,119.08
c09,Boys Restroom,132.38
c010,Stairs 1C,129.14
c011,ISE HOD Department,125.02
c012,Lab 1B,149.04
c013,Class 1D,125.14
c014,Class 1C,120.04
c015,Class 1B,162.41
c016,Ladies Restroom,125
c017,Lift 1B,123
c018,Stairs 1B,119.1
STAIRS 2A,C11,137.36
C11,C12,102
C12,C13,171.01
C14,C15,101.08
C16,C17,178.01
C17,C18,56.89
C19,C110,204.02
C111,C112,137
C114,C113,63.35
C112,C113,163
C114,C115,81
C115,C116,124
C116,C117,71.25
C117,C118,147.12
C118,C119,78.23
C119,C120,96.01
C120,C121,192.09
C121,C11,173
C12,LIFT 2A,135
C13,LADIES RESTROOM 2,139.43
C14,STAFF ROOM 2,176.8
C15,CLASS 2A,119.04
C16,CLASS 2B,111.04
C17,CLASS 2C,110
C18,LAB 2A,164.62
C19,CLASS 2D,141.01
C110,BOYS RESTROOM 2,148.01
C111,STAIRS 2C,142.01
C112,LAB 2B,137.03
C113,LAB 2C,143.06
C114,PRINCIPAL ROOM,179.61
C115,WAITING ROOM 2,128
C116,LIFT 2B,127.14
C117,STAIRS 2B,121.2
C118,RECEPTION HALL,127.04
C119,ADMIN OFFICE,178.47
C120,CLASS 2E,130.38
C121,CLASS 2F,136.01
STAIRS 3A,C21,145.06
C21,C22,112.02
C22,C23,171.07
C23,C24,89.2
C24,C25,185.27
C25,C26,256.12
C26,C27,61.68
C27,C28,118.61
C28,C29,198
C29,C210,140
C210,C211,139.09
C211,C212,169.03
C212,C213,72.57
C213,C214,99.46
C214,C215,145
C215,C216,195.04
C216,C217,66.91
C217,C218,106.07
C218,C219,193.09
C219,C21,155.05
C22,LIFT 3A,151.65
C23,LADIES RESTROOM 3,145.06
C24,ECE DEPARTMENT,180.24
C25,MARCONI SEMINAR HALL,115.16
C26,CLASS 3A,123.07
C27,LAB 3A,165.08
C28,CLASS 3B,136.01
C29,BOYS RESTROOM 3,142.13
C210,STAIRS 3C,145
C211,LAB 3B,147.28
C212,LAB 3C,138.44
C213,STAFF ROOM 3,163.53
C213,LIFT 3B,120.51
C214,STAIRS 3B,144.12
C215,HALL 3,131.14
C216,OFFICE ROOM 3,133.06
C217,CLASS 3C,183.9
C218,CLASS 3D,148.66
C219,CLASS 3E,138.01
STAIRS 4A,C31,130.06
C31,C32,108.02
C32,C33,162.01
C33,C34,108.05
C34,C35,137.44
C35,C36,243
C36,C37,123.33
C37,C38,111
C38,C39,212.02
C39,C310,144.09
C310,C311,121
C311,C312,152.05
C312,C313,97.49
C313,C314,113.36
C314,C315,90.55
C315,C316,161.2
C316,C317,136.01
C317,C318,87.14
C318,C319,206.02
C319,C31,155.01
C32,LIFT 4A,130.14
C33,LADIES RESTROOM 4,141.09
C34,RESEARCH DEPARTMENT,156.98
C35,CLASS 4A,121
C36,CLASS 4B,103.58
C37,CLASS 4C,145.1
C38,CLASS 4F,136.06
C39,BOYS RESTROOM 4,148.08
C310,STAIRS 4C,144.42
C311,LAB 4A,142.06
C312,LAB 4B,141.23
C313,CLASS 4E,143.45
C314,LIFT 4B,125.04
C315,STAIRS 4B,136.09
C316,CLASS 4D,127.14
C317,CLASS 4I,167.74
C318,CLASS 4H,133.14
C319,CLASS 4G,133.09
LIFT 5A,C41,136.18
C41,C42,107.02
C42,C43,150.05
C43,C44,93.01
C44,C45,129.03
C45,C46,217.01
C46,C47,118.51
C47,C48,89.05
C48,C49,148
C49,C410,144.09
C410,C411,173.05
C411,C412,175.03
C412,C413,73.06
C413,C414,95
C414,C415,86
C415,C416,150.12
C416,C417,142.35
C417,C418,104
C418,C419,182
C419,C41,168.01
C42,STAIRS 5A,137.06
C43,LADIES RESTROOM 5,145.01
C44,PLACEMENT HALL,186.94
C45,INTERVIEW CHAMBER,127
C46,WAITING HALL 5,129.02
C47,PLACEMENT TRAINING CELL,184.63
C48,BOYS RESTROOM 5,151.01
C49,STAIRS 5C,156
C410,DIGITAL EVALUATION ROOM,149.57
C411,CLASS 5C,145.01
C412,CLASS 5D,145.67
C413,CLASS 5F,150.08
C414,LIFT 5B,106.02
C415,STAIRS 5B,117
C416,CLASS 5E,104.04
C417,STAFF ROOM 5,160.78
C418,CLASS 5B,140.17
C419,CLASS 5A,133.3
Stairs 1B,STAIRS 2A,10
Stairs 1C,STAIRS 2C,10
Stairs 1A,STAIRS 2B,10
Lift 1B,LIFT 2A,10
Lift 1A,LIFT 2B,10
STAIRS 2A,STAIRS 3A,10
STAIRS 2B,STAIRS 3B,10
STAIRS 2C,STAIRS 3C,10
LIFT 2A,LIFT 3A,10
LIFT 2B,LIFT 3B,10
STAIRS 3A,STAIRS 4A,10
STAIRS 3B,STAIRS 4B,10
STAIRS 3C,STAIRS 4C,10
LIFT 3A,LIFT 4A,10
LIFT 3B,LIFT 4B,10
STAIRS 4A,STAIRS 5A,10
STAIRS 4B,STAIRS 5B,10
STAIRS 4C,STAIRS 5C,10
LIFT 4A,LIFT 5A,10
LIFT 4B,LIFT 5B,10
C13,C14,101
C15,C16,170
C18,C19,120
C110,C111,170.5
