id,name,floor,x,y
n0,New Block Entry,0,908,837
n2,c01,0,840,844
n3,c02,0,837,596
n4,c03,0,838,492
n5,c04,0,595,477
n6,c05,0,467,479
n7,c06,0,378,475
n8,c07,0,322,481
n10,c08,0,320,606
n11,c09,0,325,852
n12,c010,0,331,1035
n13,c011,0,329,1198
n14,c012,0,332,1294
n15,c013,0,458,1292
n16,c014,0,690,1292
n17,c015,0,850,1290
n18,c016,0,849,1237
n19,c017,0,847,1125
n20,c018,0,849,1042
n21,O01,0,748,858
n22,O02,0,592,602
n23,Class 1A,0,971,590
n24,Staff Room 1,0,956,360
n25,CSE seminar hall,0,770,367
n26,c019,0,748,479
n27,Hall,0,589,356
n28,Stairs 1A,0,467,367
n29,Lift 1A,0,366,367
n30,AIML HOD Department,0,211,356
n31,Lab 1A,0,202,590
n32,Boys Restroom,0,193,842
n33,Stairs 1C,0,202,1029
n34,ISE HOD Department,0,204,1196
n35,Lab 1B,0,254,1421
n36,Class 1D,0,464,1417
n37,Class 1C,0,693,1412
n38,Class 1B,0,946,1421
n39,Ladies Restroom,0,974,1238
n40,Lift 1B,0,970,1125
n41,Stairs 1B,0,968,1037
n42,STAIRS 2A,1,207,823
n43,C11,1,344,833
n44,C12,1,343,731
n45,C13,1,341,560
n46,C14,1,329,471
n47,C15,1,430,475
n48,C16,1,598,471
n49,C17,1,776,473
n50,C18,1,832,463
n51,C19,1,826,569
n52,C110,1,823,773
n53,C111,1,825,925
n54,C112,1,825,1062
n55,C113,1,825,1225
n56,C114,1,838,1287
n57,C115,1,757,1287
n58,C116,1,633,1288
n59,C117,1,562,1294
n60,C118,1,415,1288
n61,C119,1,337,1294
n62,C120,1,338,1198
n63,C121,1,344,1006
n64,CLASS 2F,1,208,1004
n65,LIFT 2A,1,208,731
n66,LADIES RESTROOM 2,1,202,571
n67,STAFF ROOM 2,1,202,348
n68,CLASS 2A,1,427,356
n69,CLASS 2B,1,595,360
n70,CLASS 2C,1,775,363
n71,LAB 2A,1,962,362
n72,CLASS 2D,1,967,571
n73,BOYS RESTROOM 2,1,971,775
n74,STAIRS 2C,1,967,927
n75,LAB 2B,1,962,1065
n76,LAB 2C,1,968,1229
n77,PRINCIPAL ROOM,1,964,1415
n78,WAITING ROOM 2,1,758,1415
n79,LIFT 2B,1,639,1415
n80,STAIRS 2B,1,569,1415
n81,RECEPTION HALL,1,412,1415
n82,ADMIN OFFICE,1,204,1413
n83,CLASS 2E,1,208,1208
n84,STAIRS 3A,2,202,831
n85,C21,2,347,835
n86,C22,2,349,723
n87,C23,2,344,552
n88,C24,2,338,463
n89,C25,2,523,473
n90,C26,2,779,481
n91,C27,2,838,463
n92,C28,2,826,581
n93,C29,2,826,779
n94,C210,2,825,919
n95,C211,2,820,1058
n96,C212,2,823,1227
n97,C213,2,838,1298
n98,C214,2,740,1281
n99,C215,2,595,1281
n100,C216,2,400,1277
n101,C217,2,334,1288
n102,C218,2,349,1183
n103,C219,2,343,990
n104,LIFT 3A,2,198,737
n105,LADIES RESTROOM 3,2,199,556
n106,ECE DEPARTMENT,2,196,352
n107,MARCONI SEMINAR HALL,2,517,358
n108,CLASS 3A,2,775,358
n109,LAB 3A,2,967,360
n110,CLASS 3B,2,962,583
n111,BOYS RESTROOM 3,2,968,785
n112,STAIRS 3C,2,970,919
n113,LAB 3B,2,967,1067
n114,LAB 3C,2,961,1238
n115,STAFF ROOM 3,2,959,1408
n116,LIFT 3B,2,819,1417
n117,STAIRS 3B,2,746,1425
n118,HALL 3,2,601,1412
n119,OFFICE ROOM 3,2,396,1410
n120,CLASS 3C,2,201,1415
n121,CLASS 3D,2,207,1227
n122,CLASS 3E,2,205,992
n123,STAIRS 4A,3,210,831
n124,C31,3,340,835
n125,C32,3,338,727
n126,C33,3,340,565
n127,C34,3,325,458
n128,C35,3,462,469
n129,C36,3,705,469
n130,C37,3,828,460
n131,C38,3,828,571
n132,C39,3,825,783
n133,C310,3,820,927
n134,C311,3,819,1048
n135,C312,3,823,1200
n136,C313,3,840,1296
n137,C314,3,727,1287
n138,C315,3,637,1277
n139,C316,3,476,1285
n140,C317,3,340,1283
n141,C318,3,335,1196
n142,C319,3,338,990
n143,CLASS 4G,3,205,985
n144,LIFT 4A,3,208,733
n145,LADIES RESTROOM 4,3,199,560
n146,RESEARCH DEPARTMENT,3,213,348
n147,CLASS 4A,3,462,348
n148,CLASS 4B,3,687,367
n149,CLASS 4C,3,935,362
n150,CLASS 4F,3,964,575
n151,BOYS RESTROOM 4,3,973,788
n152,STAIRS 4C,3,964,938
n153,LAB 4A,3,961,1052
n154,LAB 4B,3,964,1208
n155,CLASS 4E,3,923,1413
n156,LIFT 4B,3,724,1412
n157,STAIRS 4B,3,642,1413
n158,CLASS 4D,3,482,1412
n159,CLASS 4I,3,234,1413
n160,CLASS 4H,3,202,1202
n161,LIFT 5A,4,213,831
n162,C41,4,349,838
n163,C42,4,347,731
n164,C43,4,343,581
n165,C44,4,344,488
n166,C45,4,473,485
n167,C46,4,690,483
n168,C47,4,808,494
n169,C48,4,811,583
n170,C49,4,811,731
n171,C410,4,816,875
n172,C411,4,820,1048
n173,C412,4,823,1223
n174,C413,4,820,1296
n175,C414,4,725,1296
n176,C415,4,639,1296
n177,C416,4,489,1302
n178,C417,4,347,1292
n179,C418,4,347,1188
n180,C419,4,347,1006
n181,CLASS 5A,4,214,1015
n182,STAIRS 5A,4,210,727
n183,LADIES RESTROOM 5,4,198,583
n184,PLACEMENT HALL,4,205,363
n185,INTERVIEW CHAMBER,4,473,358
n186,WAITING HALL 5,4,692,354
n187,PLACEMENT TRAINING CELL,4,926,352
n188,BOYS RESTROOM 5,4,962,585
n189,STAIRS 5C,4,967,731
n190,DIGITAL EVALUATION ROOM,4,965,862
n191,CLASS 5C,4,965,1050
n192,CLASS 5D,4,968,1237
n193,CLASS 5F,4,914,1413
n194,LIFT 5B,4,727,1402
n195,STAIRS 5B,4,640,1413
n196,CLASS 5E,4,492,1406
n197,STAFF ROOM 5,4,240,1412
n198,CLASS 5B,4,207,1181
